Year,Predicted R&D Spending (% of GDP)
2024,2.6900304267798276
2025,2.7636626464777976
2026,2.837294866175796
2027,2.910927085873766
2028,2.9845593055717643
2029,3.0581915252697343
2030,3.131823744967704
2031,3.2054559646657026
2032,3.2790881843636726
2033,3.352720404061671
2034,3.426352623759641
2035,3.4999848434576393
