Year,Predicted R&D Spending (% of GDP)
2024,3.259847024953146
2025,3.295134750481452
2026,3.3304224760097583
2027,3.3657102015380644
2028,3.4009979270663706
2029,3.4362856525946768
2030,3.471573378122983
2031,3.506861103651289
2032,3.5421488291795953
2033,3.5774365547079015
2034,3.6127242802362076
2035,3.6480120057644996
